team_id,team,team_name,division,gender,competition,region,conference
24827,Massachusetts,Zoodisc,College,Men,Division I,New England,Greater New England DI
23654,Utah,Zion Curtain,College,Men,Division I,Northwest,Big Sky DI
24855,Texas-Arlington,Yucca,College,Men,Division I,South Central,North Texas DI
24489,Alabama B,Yellow Hammer,College,Men,Developmental,Southeast,Southeast Dev
24488,Alabama,Yellow Hammer,College,Men,Division I,Southeast,Gulf Coast DI
24601,Virginia Commonwealth University B,Yeastie Boyz,College,Men,Developmental,Atlantic Coast,Virginia Dev
24626,Iowa State B,Yeastie Boys,College,Men,Developmental,North Central,North Central Dev
23253,Western Washington B,WWU MUD,College,Men,Developmental,Northwest,Cascadia DI
24026,West Virginia,WV Wild,College,Men,Division I,Ohio Valley,West Penn DI
23613,Williams,WUFO,College,Men,Division III,New England,South New England DIII
24520,Texas-Dallas,Woof,College,Men,Division I,South Central,North Texas DI
24216,MIT B,Woodmunchers,College,Men,Developmental,New England,Metro Boston Dev
25097,Kansas State,Wizards,College,Men,Division I,South Central,Ozarks DI
24674,Central Washington,Wind Machin,College,Men,Division I,Northwest,Cascadia DI
24251,Whitman,Whitman Sweets,College,Men,Division I,Northwest,Northwest DIII
24968,West Chester,West Chester A,College,Men,Division I,Ohio Valley,East Penn DI
24858,Wake Forest,"Well Oiled Machine, Baby",College,Men,Division I,Atlantic Coast,Carolina DI
24629,Washington C,Washington C,College,Men,Developmental,Northwest,Cascadia DI
24614,Washington B,Washington B,College,Men,Division I,Northwest,Cascadia DI
24169,Colorado College,Wasabi,College,Men,Division III,South Central,Rocky Mountain DIII
23065,Pennsylvania,Void,College,Men,Division I,Ohio Valley,East Penn DI
23674,Portland State,Vitruvious,College,Men,Division I,Northwest,Cascadia DI
25010,Virginia B,Virginia-B,College,Men,Developmental,Atlantic Coast,Southern Atlantic Coast Dev
24008,Victoria,Vikes,College,Men,Division I,Northwest,Cascadia DI
23070,Texas-San Antonio,Velox,College,Men,Division I,South Central,South Texas DI
25249,Utah Valley University,Utah Valley Ultimate,College,Men,Division I,Northwest,Big Sky DI
23238,Utah State,USULT,College,Men,Division I,Northwest,Big Sky DI
24615,Southern California,USC Lockdown,College,Men,Division I,Southwest,SoCal DI
24634,Southern California B,USC Blockdown,College,Men,Developmental,Southwest,Southwest Dev
24382,Columbia,Uptown Local,College,Men,Division I,Metro East,Metro NY DI
23052,Portland,Uprise,College,Men,Division III,Northwest,Northwest DIII
24779,North Texas,UNT,College,Men,Division I,South Central,North Texas DI
24226,Nebraska-Omaha,UNO,College,Men,Division I,North Central,West Plains DI
25016,Pittsburgh B,University of Pittsburgh- B,College,Men,Developmental,Ohio Valley,Ohio Valley Dev
24288,Union (Tennessee),Union Jaxx,College,Men,Division III,Southeast,Western Southeast DIII
23612,Purdue,Undue Ultimate,College,Men,Division I,Great Lakes,East Plains DI
23181,Georgia State,Underground,College,Men,Division I,Southeast,Southern Appalachian DI
23279,North Carolina-Asheville,UNC Asheville Bulldogs,College,Men,Division III,Atlantic Coast,Carolina DIII
24161,Miami,UMiami Vice,College,Men,Division I,Southeast,Florida DI
24278,Oklahoma State,Ultimato,College,Men,Division I,South Central,Ozarks DI
23053,Wisconsin-Oshkosh,UFO,College,Men,Division I,North Central,Lake Superior DI
24636,Connecticut,UConn Huskies,College,Men,Division I,Metro East,Hudson Valley DI
24392,UCLA B,UCLA Smoke,College,Men,Developmental,Southwest,Southwest Dev
24533,Trinity,Turbulence,College,Men,Division III,South Central,Texas DIII
23046,Texas Tech,Tumbleweed,College,Men,Division I,South Central,North Texas DI
24269,Tulane B,Tulane B,College,Men,Developmental,Southeast,Southeast Dev
24886,Tufts B,Tufts B,College,Men,Developmental,New England,Metro Boston Dev
23926,Texas,TUFF,College,Men,Division I,South Central,South Texas DI
24267,Tulane,Tucks,College,Men,Division I,Southeast,Gulf Coast DI
24652,Troy,Troy Red Wave,College,Men,Division I,Southeast,Gulf Coast DI
24301,Ohio,Trout,College,Men,Division I,Ohio Valley,Ohio DI
25144,Brandeis,TRON,College,Men,Division III,New England,Metro Boston DIII
24611,Georgia Tech B,Tribe,College,Men,Developmental,Southeast,Southeast Dev
23878,Georgia Tech,Tribe,College,Men,Division I,Southeast,Southern Appalachian DI
24535,British Columbia,Thunderbirds,College,Men,Division I,Northwest,Cascadia DI
23232,Seattle,Throbot,College,Men,Division III,Northwest,Northwest DIII
24490,Trevecca,Thrashers,College,Men,Division III,Southeast,Western Southeast DIII
25098,Cal State-Fullerton,The Commute,College,Men,Division I,Southwest,SoCal DI
24562,Texas State B,Texas State,College,Men,Division I,South Central,South Texas DI
25247,SUNY-Fredonia,Terrifying Turtles,College,Men,Division III,Metro East,Western NY DIII
24446,Tennessee,Tennessee,College,Men,Division I,Southeast,Southern Appalachian DI
25109,Maryland-Baltimore County B,Tembo,College,Men,Developmental,Atlantic Coast,Colonial Dev
24825,SUNY-Cortland,Team Rocket,College,Men,Division III,Metro East,Western NY DIII
23207,Arizona B,Swashbucklers,College,Men,Developmental,Southwest,Southwest Dev
23139,Cedarville,Swarm,College,Men,Division III,Ohio Valley,Ohio DIII
24306,Tennessee-Chattanooga,Swamp Donkeys,College,Men,Division I,Southeast,Southern Appalachian DI
23170,SUNY-Binghamton B,SUNY-Binghamton B,College,Men,Developmental,Metro East,Metro East Dev
24386,SUNY-Binghamton,SUNY-Binghamton,College,Men,Division I,Metro East,Western NY DI
24478,Washington,Sundodgers,College,Men,Division I,Northwest,Cascadia DI
24702,Arizona,Sunburn,College,Men,Division I,Southwest,Desert DI
23477,North Georgia,Summit,College,Men,Division III,Southeast,Eastern Southeast DIII
23281,Sul Ross State University,Sul Ross Ultimate,College,Men,Division III,South Central,Texas DIII
23261,Wisconsin-Whitewater,Sub*Par,College,Men,Division I,North Central,Lake Superior DI
23213,Baylor,Stonewall A,College,Men,Division I,South Central,North Texas DI
23707,Stevens Tech,Stevens Tech,College,Men,Division III,Metro East,Metro NY DIII
24006,Stetson,Stetson Ultimate,College,Men,Division III,Southeast,Eastern Southeast DIII
24236,Stanford,Stanford Bloodthirsty,College,Men,Division I,Southwest,NorCal DI
24704,American,Stall 11,College,Men,Division I,Atlantic Coast,Colonial DI
24367,Slippery Rock,SRU Lion Pride,College,Men,Division I,Ohio Valley,West Penn DI
23036,Richmond,Spidermonkeys,College,Men,Division III,Atlantic Coast,Northern Atlantic Coast DIII
23174,Penn State,Spank,College,Men,Division I,Ohio Valley,West Penn DI
24656,South Carolina B,South Carolina,College,Men,Developmental,Atlantic Coast,Southern Atlantic Coast Dev
25482,University of Denver B,Sourdough,College,Men,Division I,South Central,Rocky Mountain DI
24658,Denver,Sourdough,College,Men,Division I,South Central,Rocky Mountain DI
25027,Shenandoah,Sound Ultimate,College,Men,Division III,Atlantic Coast,Northern Atlantic Coast DIII
23200,St Mary's (Maryland),SMUT,College,Men,Division III,Atlantic Coast,Northern Atlantic Coast DIII
24457,Montana,Smokejump,College,Men,Division I,Northwest,Big Sky DI
24253,UCLA,Smaug,College,Men,Division I,Southwest,SoCal DI
24224,California-Santa Cruz,Slugs,College,Men,Division I,Southwest,NorCal DI
23948,Cal Poly-SLO,SLOCORE,College,Men,Division I,Southwest,SoCal DI
24627,Cal Poly-SLO B,SLOB,College,Men,Developmental,Southwest,Southwest Dev
23245,Christopher Newport,Skymaul,College,Men,Division III,Atlantic Coast,Northern Atlantic Coast DIII
24822,North Carolina State B,Six Pack,College,Men,Developmental,Atlantic Coast,Southern Atlantic Coast Dev
25283,Delaware B,Sideshow,College,Men,Developmental,Atlantic Coast,Colonial Dev
24711,Delaware,Sideshow,College,Men,Division I,Atlantic Coast,Colonial DI
25032,Loyola Marymount,ShoreBreak,College,Men,Division I,Southwest,SoCal DI
24514,Kenyon,SERF,College,Men,Division III,Ohio Valley,Ohio DIII
23210,North Carolina-Wilmington,Seamen,College,Men,Division I,Atlantic Coast,Carolina DI
24356,South Florida B,Scourge,College,Men,Developmental,Southeast,Southeast Dev
24909,Radford,Scoundrels,College,Men,Division I,Atlantic Coast,Virginia DI
24454,Shippensburg,Scapegoats,College,Men,Division III,Ohio Valley,West Penn DIII
24883,SUNY-Albany B,SCAM,College,Men,Developmental,Metro East,Metro East Dev
24882,SUNY-Albany,SCAM,College,Men,Division I,Metro East,Hudson Valley DI
24340,South Florida,Scallywags,College,Men,Division I,Southeast,Florida DI
24092,Santa Clara,SCAB,College,Men,Division I,Southwest,NorCal DI
24999,Toledo,Savage,College,Men,Division I,Ohio Valley,Ohio DI
25222,Colorado-Colorado Springs,Sauce,College,Men,Division I,South Central,Rocky Mountain DI
24694,Santa Clara B,Santa Clara B,College,Men,Developmental,Southwest,NorCal DI
23173,Northeastern C,Salty C Dogs,College,Men,Developmental,New England,Metro Boston Dev
24318,St John's,Saint John's Ultimate,College,Men,Division III,North Central,Northwoods DIII
24644,Yale,Süperfly,College,Men,Division I,Metro East,Hudson Valley DI
25011,Regent University,RUUF,College,Men,Developmental,Atlantic Coast,Southern Atlantic Coast Dev
23206,Montana State,Rum Runners,College,Men,Division I,Northwest,Big Sky DI
25057,Rowan B,Ruf Riders B,College,Men,Developmental,Metro East,Metro East Dev
24193,Rowan,Ruf Riders,College,Men,Division I,Metro East,Metro NY DI
23581,Massachusetts-Lowell,Riverhawks,College,Men,Division I,New England,Metro Boston DI
23411,Knox,River Rats,College,Men,Division III,Great Lakes,Illinois DIII
23626,Rhode Island,RIUT,College,Men,Division I,New England,Greater New England DI
25153,RIT,RIT Spudheds,College,Men,Division I,Metro East,Western NY DI
23063,Illinois,Rise,College,Men,Division I,Great Lakes,Illinois DI
24377,American B,Revolution,College,Men,Developmental,Atlantic Coast,Colonial Dev
24357,College of New Jersey,Revolution,College,Men,Division III,Metro East,Metro NY DIII
23199,Pacific Lutheran,Reign Men,College,Men,Division III,Northwest,Northwest DIII
24920,Arkansas State,Red Wolf Ultimate,College,Men,Division I,South Central,Ozarks DI
24431,Idaho,Red Scare,College,Men,Division I,Northwest,Big Sky DI
23212,Harvard,Red Line,College,Men,Division I,New England,Metro Boston DI
24972,Marist,Red Fox Ultimate,College,Men,Division III,Metro East,Hudson Valley DIII
24799,Wooster,RamJam,College,Men,Division III,Ohio Valley,Ohio DIII
25012,Jefferson,Ram Riders,College,Men,Division III,Ohio Valley,East Penn DIII
23205,Fresno State,Rabid,College,Men,Division I,Southwest,NorCal DI
25110,Long Beach State University B,Pyramid Scheme B,College,Men,Division I,Southwest,
23083,Cal State-Long Beach,Pyramid Scheme,College,Men,Division I,Southwest,SoCal DI
23147,St. Thomas,Purple Reign,College,Men,Division III,North Central,Northwoods DIII
24453,LSU B,Purple Haze,College,Men,Developmental,Southeast,Southeast Dev
23978,LSU,Purple Haze,College,Men,Division I,Southeast,Gulf Coast DI
23542,Arizona State,Prime,College,Men,Division I,Southwest,Desert DI
24919,Puget Sound,Postmen,College,Men,Division III,Northwest,Northwest DIII
24222,Navy,Poseidon,College,Men,Division III,Atlantic Coast,Northern Atlantic Coast DIII
23633,Pacific Lutheran B,PLU Reign B,College,Men,Division III,Northwest,Northwest DIII
24017,Arizona State C,Pleasure Ultimate,College,Men,Developmental,Southwest,Southwest Dev
24019,Arizona State B,Pleasure,College,Men,Developmental,Southwest,Southwest Dev
23171,Rochester,Piggies,College,Men,Division III,Metro East,Western NY DIII
24432,Tulsa,Party Fowl,College,Men,Division III,South Central,Ozarks DIII
24505,Kennesaw State,Parliament,College,Men,Division I,Southeast,Southern Appalachian DI
24324,Notre Dame,Papal Rage,College,Men,Division I,Great Lakes,East Plains DI
23116,SUNY-Stony Brook,Panic,College,Men,Division I,Metro East,Metro NY DI
23116,SUNY-Stony Brook,Panic,College,Men,Developmental,Metro East,Metro East Dev
24922,Towson,Pandamonium,College,Men,Division I,Atlantic Coast,Colonial DI
24532,Charleston,Palmetto Bums,College,Men,Division I,Atlantic Coast,Carolina DI
23209,Dartmouth,Pain Train,College,Men,Division I,New England,North New England DIII
24501,Oregon State B,Oregon State B,College,Men,Developmental,Northwest,Cascadia DI
23273,Northwestern,NUT,College,Men,Division I,Great Lakes,Illinois DI
23076,Pennsylvania B,Null,College,Men,Developmental,Ohio Valley,Ohio Valley Dev
23876,Minnesota-Duluth,Northern Lights,College,Men,Division I,North Central,Northwoods DI
23568,Appalachian State,Nomads,College,Men,Division I,Atlantic Coast,Carolina DI
23256,Alabama-Huntsville,Nightmares,College,Men,Division I,Southeast,Gulf Coast DI
23665,California-Irvine,Nightlife,College,Men,Division I,Southwest,SoCal DI
24642,Virginia,Night Train,College,Men,Division I,Atlantic Coast,Virginia DI
24554,Wesleyan,Nietzsch Factor,College,Men,Division III,Metro East,Hudson Valley DIII
24699,NYU,New York University,College,Men,Division I,Metro East,Metro NY DI
23271,New Hampshire,New Hampshire Ultimate Team,College,Men,Division I,New England,Greater New England DI
23377,North Carolina State,NC State Alpha,College,Men,Division I,Atlantic Coast,Carolina DI
24390,Ithaca,Nawshus Ultimate,College,Men,Division III,Metro East,Western NY DIII
24839,Rutgers B,Mystery Machine,College,Men,Developmental,Metro East,Metro East Dev
23515,Carnegie Mellon,Mr. Yuk,College,Men,Division I,Ohio Valley,West Penn DI
24643,Mary Washington,Mother of George,College,Men,Division III,Atlantic Coast,Northern Atlantic Coast DIII
24848,Missouri State,Missouri State,College,Men,Division I,South Central,Ozarks DI
24263,Missouri,Missouri,College,Men,Division I,South Central,Ozarks DI
24925,Missouri S&T,Miner Threat,College,Men,Division III,South Central,Ozarks DIII
24578,Michigan B,Michigan-B,College,Men,Developmental,Great Lakes,Great Lakes Dev
23452,Miami (Ohio),Miami Boogiemen,College,Men,Division I,Ohio Valley,Ohio DI
23859,William & Mary,Merry Men,College,Men,Division I,Atlantic Coast,Virginia DI
23276,San Jose State,Megabyte,College,Men,Division I,Southwest,NorCal DI
24375,George Mason,Massacre,College,Men,Division I,Atlantic Coast,Virginia DI
23197,Maryland,Maryland Ultimate,College,Men,Division I,Atlantic Coast,Colonial DI
25084,Boise State,Mamu Zaldi,College,Men,Division I,Northwest,Big Sky DI
24953,Colorado,Mamabird,College,Men,Division I,South Central,Rocky Mountain DI
24276,Villanova,Main Line Ultimate,College,Men,Division I,Ohio Valley,East Penn DI
23546,Michigan,MagnUM,College,Men,Division I,Great Lakes,Michigan DI
23190,Luther,LUFDA,College,Men,Division III,North Central,West Plains DIII
24182,Arkansas,Ludicrous Speed,College,Men,Division I,South Central,Ozarks DI
24798,Penn State B,LoveTap,College,Men,Developmental,Ohio Valley,Ohio Valley Dev
23705,Grand Canyon,Lopes,College,Men,Division I,Southwest,Desert DI
24937,Middle Tennessee State,Lightning,College,Men,Division I,Southeast,Gulf Coast DI
24508,Lehigh B,Lehigh-B,College,Men,Division III,Ohio Valley,East Penn DIII
23622,Lehigh,Lehigh,College,Men,Division I,Ohio Valley,East Penn DI
24492,Ohio State,Leadbelly,College,Men,Division I,Ohio Valley,Ohio DI
25079,George Mason B,Laser Sharks,College,Men,Developmental,Atlantic Coast,Southern Atlantic Coast Dev
24957,Sacred Heart,Laces,College,Men,Division I,Metro East,Hudson Valley DI
23549,Kentucky,KULT,College,Men,Division I,Great Lakes,East Plains DI
23144,Coe,Kohucks,College,Men,Division III,North Central,West Plains DIII
23550,Kentucky B,Kentucky,College,Men,Division I,Great Lakes,Great Lakes Dev
24203,Carleton College Karls,Karls,College,Men,Division III,North Central,Northwoods DIII
23559,Georgetown,Justice,College,Men,Division I,Atlantic Coast,Colonial DI
23180,Dickinson,Junkyard Turkeys,College,Men,Division III,Ohio Valley,West Penn DIII
24856,Chicago,Junk,College,Men,Division I,Great Lakes,Illinois DI
25100,Truman State,JujiTSU,College,Men,Division III,South Central,Ozarks DIII
24880,Georgia,Jojah,College,Men,Division I,Southeast,Southern Appalachian DI
24456,Clemson,Joint Chiefs of Waft,College,Men,Division I,Atlantic Coast,Carolina DI
25213,Colgate,Jabberwock,College,Men,Division III,Metro East,Western NY DIII
24625,Iowa State,ISUC,College,Men,Division I,North Central,West Plains DI
24675,John Brown,Ironfist,College,Men,Division III,South Central,Ozarks DIII
23249,East Carolina,Irates,College,Men,Division I,Atlantic Coast,Carolina DI
24512,Alabama-Birmingham,Inferno,College,Men,Division I,Southeast,Gulf Coast DI
23690,Iowa,IHUC,College,Men,Division I,North Central,West Plains DI
23050,Mississippi,HYDRa,College,Men,Division I,Southeast,Gulf Coast DI
23431,Northeastern,Huskies,College,Men,Division I,New England,Metro Boston DI
23235,Humboldt State,Humboldt State Buds,College,Men,Division I,Southwest,NorCal DI
24539,Kansas,Horrorzontals,College,Men,Division I,South Central,Ozarks DI
23214,Indiana,HoosierMama?s,College,Men,Division I,Great Lakes,East Plains DI
23997,Wisconsin,Hodags,College,Men,Division I,North Central,Lake Superior DI
24015,High Point,High Point University Bagheera,College,Men,Division III,Atlantic Coast,Carolina DIII
24435,Texas Christian,High Noon,College,Men,Division I,South Central,North Texas DI
24701,Colorado State B,Hibida,College,Men,Division I,South Central,Rocky Mountain DI
24493,Colorado State,Hibida,College,Men,Division I,South Central,Rocky Mountain DI
24722,James Madison,Hellfish,College,Men,Division I,Atlantic Coast,Virginia DI
24687,Allegheny,Hellbender,College,Men,Division III,Ohio Valley,West Penn DIII
24927,Central Florida B,Havoc,College,Men,Developmental,Southeast,Southeast Dev
24757,Carnegie Mellon B,Harmful,College,Men,Developmental,Ohio Valley,Ohio Valley Dev
24542,New Mexico,Hanta Virus,College,Men,Division I,Southwest,Desert DI
25081,Edinboro,Haggis,College,Men,Division I,Ohio Valley,West Penn DI
24110,Ave Maria,Gyrenes,College,Men,Division III,Southeast,Eastern Southeast DIII
23649,Gonzaga,GURU,College,Men,Division I,Northwest,Big Sky DI
25001,Grinnell,Grinnellephants,College,Men,Division III,North Central,West Plains DIII
24217,MIT,Grim Beaver,College,Men,Division I,New England,Metro Boston DI
23616,Minnesota,Grey Duck,College,Men,Division I,North Central,Northwoods DI
24903,SUNY-Buffalo,Green Eggs and Ham,College,Men,Division I,Metro East,Western NY DI
24641,Texas B,Graze,College,Men,Division I,South Central,South Texas DI
23887,Sonoma State,Grapes of Wrath,College,Men,Division I,Southwest,NorCal DI
23994,Goucher,Gophbusters,College,Men,Division III,Atlantic Coast,Northern Atlantic Coast DIII
24613,Akron,GoonSquad,College,Men,Division I,Ohio Valley,Ohio DI
23219,Carleton College-GoP,Gods of Plastic,College,Men,Division III,North Central,Northwoods DIII
24612,Illinois State,Gnomes,College,Men,Division I,Great Lakes,Illinois DI
24354,South Carolina,Gamecock Ultimate,College,Men,Division I,Atlantic Coast,Carolina DI
24868,George Washington,G-Dub Hippos,College,Men,Division I,Atlantic Coast,Colonial DI
24802,George Washington B,G-Dub Bippos,College,Men,Developmental,Atlantic Coast,Colonial Dev
25227,Colorado-Denver,Frostbite,College,Men,Division I,South Central,Rocky Mountain DI
23610,Stephen F. Austin,Frontier,College,Men,Division I,South Central,North Texas DI
24990,Yale B,Friends of Gravity,College,Men,Developmental,Metro East,Metro East Dev
25102,Oberlin B,Flying Horsecows,College,Men,Developmental,Ohio Valley,Ohio Valley Dev
23243,Oberlin,Flying Horsecows,College,Men,Division III,Ohio Valley,Ohio DIII
23719,Hofstra,Flying Dutchmen,College,Men,Division I,Metro East,Metro NY DI
25181,Dayton,FLUD,College,Men,Division I,Ohio Valley,Ohio DI
25141,Florida Tech,Florida Tech Competitive,College,Men,Division III,Southeast,Eastern Southeast DIII
24494,Florida B,Florida B,College,Men,Developmental,Southeast,Southeast Dev
24559,Florida,Florida,College,Men,Division I,Southeast,Florida DI
24599,Liberty,Flames,College,Men,Division I,Atlantic Coast,Virginia DI
23776,Jacksonville State,Firebird,College,Men,Division I,Southeast,Gulf Coast DI
24570,Indiana (Pennsylvania),Fighting Squirrels,College,Men,Division I,Ohio Valley,West Penn DI
24152,Case Western Reserve,Fighting Gobies[A],College,Men,Division I,Ohio Valley,Ohio DI
24153,Case Western Reserve B,Fighting Gobies,College,Men,Developmental,Ohio Valley,Ohio Valley Dev
25005,Florida Gulf Coast,FGCU Eagles,College,Men,Division I,Southeast,Florida DI
23641,San Diego State,Federales,College,Men,Division I,Southwest,SoCal DI
23375,Wisconsin B,Fauxdags,College,Men,Developmental,North Central,North Central Dev
24764,Franciscan,Fatal,College,Men,Division III,Ohio Valley,Ohio DIII
24653,Messiah,Falcons,College,Men,Division III,Ohio Valley,West Penn DIII
25271,Colorado School of Mines B,Entropy - B,College,Men,Division III,South Central,Rocky Mountain DIII
25268,Colorado School of Mines,Entropy,College,Men,Division III,South Central,Rocky Mountain DIII
23913,Pittsburgh,En Sabah Nur,College,Men,Division I,Ohio Valley,West Penn DI
24806,Emory,Emory Juice,College,Men,Division I,Southeast,Southern Appalachian DI
23193,Nevada-Reno,Elevation Ultimate,College,Men,Division I,Southwest,NorCal DI
24271,Tufts,Elephant Men,College,Men,Division I,New England,Metro Boston DI
24640,Northern Arizona,El Ponderoso,College,Men,Division I,Southwest,Desert DI
23215,Oregon,Ego,College,Men,Division I,Northwest,Cascadia DI
23957,Wisconsin-Eau Claire,EauZone,College,Men,Division I,North Central,Lake Superior DI
23931,Swarthmore,Earthworms,College,Men,Division III,Ohio Valley,East Penn DIII
24751,Georgia Southern,Eagles,College,Men,Division I,Southeast,Southern Appalachian DI
24689,Boston College,Eagles,College,Men,Division I,New England,Metro Boston DI
24413,Oklahoma Christian,Eagles,College,Men,Division III,South Central,Ozarks DIII
23211,Davidson,DUFF,College,Men,Division III,Atlantic Coast,Carolina DIII
25006,Florida State B,DUF Lite,College,Men,Developmental,Southeast,Southeast Dev
24097,Florida State,DUF,College,Men,Division I,Southeast,Florida DI
24910,Drury University,Drury Ultimate,College,Men,Division III,South Central,
24597,Drexel,Dragons,College,Men,Division I,Ohio Valley,East Penn DI
24916,Texas A&M B,Dozen Matter,College,Men,Developmental,South Central,South Texas DI
24564,Texas A&M,Dozen,College,Men,Division I,South Central,South Texas DI
24481,Syracuse,Doom,College,Men,Division I,Metro East,Western NY DI
24094,Central Florida,Dogs of War,College,Men,Division I,Southeast,Florida DI
23263,Samford,Dogma,College,Men,Division III,Southeast,Western Southeast DIII
23153,Georgia College,Disconnected,College,Men,Division III,Southeast,Eastern Southeast DIII
24310,Embry-Riddle,Dirty Birds,College,Men,Division III,Southeast,Eastern Southeast DIII
24440,Western Washington,DIRT,College,Men,Division I,Northwest,Northwest DI
23988,Sam Houston State,Deuce Ultimate,College,Men,Division I,South Central,South Texas DI
24902,Occidental,Detox,College,Men,Division III,Southwest,Southwest DIII
25045,Denison,Denison Frisbee Ultimate Club,College,Men,Division III,Ohio Valley,Ohio DIII
25212,Dayton B,Dayton FLUD B,College,Men,Developmental,Ohio Valley,Ohio Dev
23767,California-Davis,Davis Dogs,College,Men,Division I,Southwest,NorCal DI
23711,North Carolina,Darkside,College,Men,Division I,Atlantic Coast,Carolina DI
24632,Mississippi State,Dark Horse,College,Men,Division I,Southeast,Gulf Coast DI
24867,Johns Hopkins,Dangerzone,College,Men,Division I,Atlantic Coast,Colonial DI
25424,Cutthroat Spring 2020,Cutthroat Clinic Roster,College,Men,,,
24410,Carleton College-CUT,CUT,College,Men,Division I,North Central,Northwoods DI
23556,Colorado B,CUCU,College,Men,Division I,South Central,Rocky Mountain DI
23611,Purdue B,CTRL-Z,College,Men,Developmental,Great Lakes,Great Lakes Dev
24438,Cal Poly-Pomona,Cow Ultimate,College,Men,Division I,Southwest,SoCal DI
24543,Nebraska,Cornfed Ultimate,College,Men,Division I,North Central,West Plains DI
24985,Cornell B,Cornell-B (Shake),College,Men,Developmental,Metro East,Metro East Dev
24630,Washington University B,Contraband,College,Men,Division I,South Central,Ozarks DI
23628,Washington University,Contra,College,Men,Division I,South Central,Ozarks DI
25261,Creighton,Colossus,College,Men,Division I,North Central,West Plains DI
23224,Colorado-Mesa,Colorado Mesa Space Cows,College,Men,Division I,South Central,Rocky Mountain DI
25225,Rice B,Cloud 9,College,Men,Division III,South Central,Texas DIII
23254,Rice,Cloud 9,College,Men,Division III,South Central,Texas DIII
24705,Princeton B,Clockwork B,College,Men,Developmental,Metro East,Metro East Dev
24510,Princeton,Clockwork,College,Men,Division I,Metro East,Metro NY DI
24971,Georgia B,Chillydawgs,College,Men,Developmental,Southeast,Southeast Dev
23828,Vermont-C,Chill D,College,Men,Developmental,New England,Greater New England Dev
23453,Vermont,Chill,College,Men,Division I,New England,Greater New England DI
24815,Chico State,Chico State Wildcats,College,Men,Division I,Southwest,NorCal DI
24421,Brigham Young B,CHI B,College,Men,Developmental,Northwest,Big Sky DI
24146,Brigham Young,CHI,College,Men,Division I,Northwest,Big Sky DI
24536,North Carolina-Charlotte,Charlotte Skyrise,College,Men,Division I,Atlantic Coast,Carolina DI
23825,Colby,CDC (Men's),College,Men,Division III,New England,North New England DIII
23049,North Florida,Category 5,College,Men,Division I,Southeast,Florida DI
24759,Ball State,Cardinals,College,Men,Division I,Great Lakes,East Plains DI
23047,Campbell,Camels,College,Men,Division III,Atlantic Coast,Carolina DIII
23277,California,California-Berkeley,College,Men,Division I,Southwest,NorCal DI
24860,Cal Poly-SLO C,Cal Poly SLO C,College,Men,Developmental,Southwest,Southwest Dev
24888,Salisbury,Buzz Ultimate A,College,Men,Division I,Atlantic Coast,Colonial DI
24495,Butler,Butler Big Dog,College,Men,Division III,Great Lakes,East Plains DIII
23652,Virginia Tech,Burn,College,Men,Division I,Atlantic Coast,Virginia DI
23175,Cornell,Buds,College,Men,Division I,Metro East,Western NY DI
24461,Berry,Bucks,College,Men,Division III,Southeast,Eastern Southeast DIII
24563,Texas State,Buckets,College,Men,Division I,South Central,South Texas DI
24602,George Fox,Bruins,College,Men,Division III,Northwest,Northwest DIII
24676,Brown,Brownian Motion,College,Men,Division I,New England,Greater New England DI
23229,Brown B,Brown - B,College,Men,Developmental,New England,Greater New England Dev
23186,Duke,Brimstone,College,Men,Division I,Atlantic Coast,Carolina DI
24986,UW-Eau Claire B,Breauzone,College,Men,Developmental,North Central,Lake Superior Dev
24506,Claremont,Braineaters,College,Men,Division III,Southwest,Southwest DIII
23222,Boston University,Boston University,College,Men,Division I,New England,Metro Boston DI
23589,Maryland-Baltimore County,Booya,College,Men,Division I,Atlantic Coast,Colonial DI
23203,Illinois B,Boomland,College,Men,Developmental,Great Lakes,Great Lakes Dev
23274,Northwestern B,Bolt,College,Men,Developmental,Great Lakes,Great Lakes Dev
24959,Wisconsin-Milwaukee B,BLACKOUT,College,Men,Developmental,North Central,North Central Dev
24260,Maine,Blackfly,College,Men,Division I,New England,Greater New England DI
23048,California-Santa Barbara,Black Tide,College,Men,Division I,Southwest,SoCal DI
24402,Olivet Nazarene,Black Penguins,College,Men,Division III,Great Lakes,Illinois DIII
23178,California-Santa Barbara B,Black Out,College,Men,Developmental,Southwest,Southwest Dev
24710,Wisconsin-Milwaukee,Black Cat,College,Men,Division I,North Central,Lake Superior DI
24600,Virginia Commonwealth University,Biscuit Villains,College,Men,Division I,Atlantic Coast,Virginia DI
23511,Elon,Big Fat Bomb,College,Men,Division III,Atlantic Coast,Carolina DIII
23129,Haverford,Big Donkey Ultimate,College,Men,Division III,Ohio Valley,East Penn DIII
24741,The Ohio State University B,Big Buckin' Chicken,College,Men,Developmental,Ohio Valley,Ohio Dev
24753,Belmont University,Belmont - Disco,College,Men,Division III,Southeast,Southeast DIII
24487,California-Irvine B,Bedtime,College,Men,Developmental,Southwest,Southwest Dev
24500,Oregon State,Beavers,College,Men,Division I,Northwest,Cascadia DI
24649,Northeastern B,Beastern,College,Men,Developmental,New England,Metro Boston Dev
24537,Cincinnati,Bearcats,College,Men,Division I,Ohio Valley,Ohio DI
24780,Coastal Carolina,Beach Chickens,College,Men,Division I,Atlantic Coast,Carolina DI
24635,North Carolina B,BatCH,College,Men,Developmental,Atlantic Coast,Southern Atlantic Coast Dev
24777,Southern Methodist,Bankroll,College,Men,Division I,South Central,North Texas DI
23237,Whitworth,Bangarang,College,Men,Division III,Northwest,Northwest DIII
24923,Towson B,Bamboozle,College,Men,Developmental,Atlantic Coast,Colonial Dev
25004,Catholic,Bad Habit,College,Men,Division III,Atlantic Coast,Northern Atlantic Coast DIII
24718,Lewis & Clark,Bacchus,College,Men,Division III,Northwest,Northwest DIII
23192,Xavier,B.L.O.B.,College,Men,Division III,Ohio Valley,Ohio DIII
25136,Willamette University,Asylum,College,Men,Division III,Northwest,Northwest DIII
24186,Maryland B,Astro Quakers,College,Men,Developmental,Atlantic Coast,Colonial Dev
24447,Amherst College,Army of Darkness,College,Men,Division III,New England,South New England DIII
24235,Vanderbilt,Armada,College,Men,Division I,Southeast,Gulf Coast DI
24661,Saint Louis,Archangel,College,Men,Division I,South Central,Ozarks DI
24270,Michigan State,ARC,College,Men,Division I,Great Lakes,Michigan DI
23536,Oklahoma,Apes of Wrath,College,Men,Division I,South Central,Ozarks DI
24840,Northern Iowa,AmmUNItion,College,Men,Division I,North Central,West Plains DI
24531,Temple,Alert,College,Men,Division I,Ohio Valley,East Penn DI
23106,Wright State,Airstrike,College,Men,Division I,Ohio Valley,Ohio DI
23125,California-San Diego B,Air Squids LITE,College,Men,Developmental,Southwest,Southwest Dev
23134,California-San Diego,Air Squids,College,Men,Division I,Southwest,SoCal DI
23043,Washington State,Air Raid,College,Men,Division I,Northwest,Big Sky DI
23801,Caltech,Aftermath,College,Men,Division III,Southwest,Southwest DIII
24003,Air Force,Afterburn,College,Men,Division III,South Central,Rocky Mountain DIII
24190,Auburn,Aetos,College,Men,Division I,Southeast,Gulf Coast DI